# Old (local, never pushed) to new commit hashes after the re-authoring of 6 October 2026 (track-e, 50 commits; files unchanged, only the author and committer identity). Hashes of 6 October quoted in docs and run registries (bench-y3 at ff25953, bench-r1b) are the old ones.
7ccba4d33b5eeeb02e62b4426cb7a7b0baca34b2	1f47b5184a3cad263bd82dd384cfa14de29e6a80
6097307706b8e538fb3f426001368c85fb7e70a6	25f209bec864624196f93a40b2aa072cfc14f613
a59ea7f43acf361737a3df46aa8173ac81b9d60f	4ac5871cec31d5cd9fe622dec8016247d5f28cb3
1c3a79a865905d9d065d5e4bd3a8e9bcf17aa678	359f8debd61ba9470d8868513e3940eab1f242db
0271113e624b9c5ea4f7f7f0b7b174a02efba4fc	a988897fc211c8dc7e7d1a79773978e59bb77a4b
1021d409e18e890c28c544c7a390abd9e04e8b45	3c47d53792a26c09cca70c85552fd442d6bf25cc
0163a2818a493285d5ff6ef1399fff854be27c42	79e54edbd98e4ebaeb1ada6d922ac80f62ccbbd7
8558e39a77e8be72f21969be52165152d6d5bc21	33fefee3e0b04791fe17790425a473a219ce1674
823e03f5ccff4421cb3ef31af16503d7679af3a8	3ddc18254c6ef3f7cdeac317faf6e0d1b3c6515e
217cb94f9b2068110700dd9d0283b704e661e6a5	2bdd46e32cab5ac9602af982e983b5b2aefbf52d
989300fc9757356979863110591c18895f1b6e6e	31b11f1d1a3723efc5f15fcf3b99ae88c44da078
b4465c89d31061d2ecd1e95fe78c77c7de3344fc	a61ea8331eab509342ba01f6f53bbc97af4aac6c
074d2d9a64f8a1b5cd6262a0b40ae5c55bcb4b43	7d6e10f4d8772aa088b72246a16bb27a627b0f96
cfc617174de644fc86c43ce758339317910e157d	7120443bbab454df973b2692ffdde21e55626fe8
2104f710a83c3573fe38958377dcc534893072de	0c65f6ba7bfca398892cc583c6ec4e4c42659c0d
7ff397b347641a237514d79a27a275c651e896c2	5b581d24fad6b104c692bdb05d40e9e6fcffcc9c
575745d873c32cf3dee0379826aeadf249f55370	938c7ac46bd177b9e7b490fd81d73857335cd6f7
b4c58cd0f4794d10797cd0e2be8266bf86f6f61d	f0f920ac0b8d36ef7f7b3b7b04d1a2ef858375dd
aa255972e6d53409a5b03321e4420d7beaead0cf	ea7eb981fc22cbee5363ad64875ff9c4eba999a4
2d53130b54f4f74cd15ac7af32df6a5186471fe2	278691535e2b36eea993f80802ce09a82d525942
3681e9f4f1ca8c165ab7e951aaeb7b5d5c77f384	a8f8ae0a9e046e813de4c03f7b6000b27e815d05
f18e16f8c84f1c52c9a4764b827427025f6d9082	9bb05da0fec239ffd9c3363c4b39db7ffee73b2b
192133d3bddcf500087100603d1cdabace85a68b	d9eb486dd648d6cf4103117d0c3561916af26dd5
38b6c6fca1a8a0599296bad5bd48458bb672e7d7	0883face939432e8df6be9829c4c5a8ee090edb6
fcde3f396b2baf10be4caa714faee11101c21ec6	599b03f039f502ac59af3754177cb48e7bfc634b
e44a4361c301df6639c3e515a2b5406dda753bb0	fa25898f425272234b8f56c6e03f653f1e364e70
59fc4d871f459f2ae6896f7815388650a43e2f53	ca550b4ee549c96492720dfc4b18c933c7d14fd6
9bcc87df7c6c1202fe218be3d27ce2529765273d	0fd6d92745b435e44983640722b063816d24425f
2137b6215c5123480a02e07b845d41749416d3b2	68d557875aa7b9cbef010d71de5145b578ac0e0e
d9b10b84bec84edea2f503ba756853b1dea41c39	63bd0c6cff7813d5ec3b9b6c6182d00ace4d64e1
7f7261b76848f5ab872873ef81f2952fddb9b3f8	ea0711dc9ac744fb78e364293866e67eb72d2535
f62974469c4cafbb95ca775086c89215120a4dca	ff4d50ef70c64683ea1d2223d03eb07216a8d87b
b3bbe90779d1f123279977037bffe80b07107c67	bdc251e3f97d42be20e8aa312ba49b0cbfd602f1
ab1fca3b23e53ee880744350fbc257797df4535b	ffbe226957e2bc086eb61159e64a78d4f84a16c1
d736bfefb5ecf4357e444a6d30069d3d7214e396	4fb34549c6e20ea871131d000f19223424340943
3d9cff772225db2512ce16423aee921c4c319ced	55b0b98211c826c3bfd1eb1a8e7eda7c5aceeff6
f96e641a037684798210c38aabcae6a9a0ab5138	cf4281adb2df20664057c6dd562161adbb255289
ff259534d2117d733b688a965a18b4dc5440c0bd	6fd1042030ed9b6cf546b5ef713eb8c343c0b94e
70c699fda69bee1b0ed91355eefc02da289b89f7	a611e13f846d0f9404c596c4219bf27ea7aa7ec4
5c865fde626e7f557bdefb1022f8f16b5f1ca3be	7fa85ac84cddb5935b42548c71badbb9b97760a2
3b1833df1f7a7d63c0135ca8d60330fe3e23c2d5	5f83fd48f6039c81dacf379653dcaf25c66d0558
3cbcba4970517299954430f5724c17a4896d037c	846a0a70144734c05268a3bcc33d2b46242a06a8
1e052c307dea211f28c0197dd0362971fe70215b	1d42ceb7f0ffc9f4e24685eca65c84fded2ad98c
1516c771f60aaebad4a4b438494733dc45724eb7	4c11bd98997f3fabe4b950644dc524b11b633157
66cfe492a319f894c7b68fefe010ad589602d02f	9e91a12fea78f833dd342e7c5b39ce9f6d445bed
24cf896d6e5cc91d6d1039a2f114d945452249c4	6460c72ac9f02148838f953e1c76a30f610d028d
bebd8f8f86a98efb8c176e3e1d9fec502de73275	5a15dc289a11d1ddf9f527924cfab89e61184293
12e1f9fce6a199b034c64cd9d8edf637e8d169d3	e96bd3b04c515a8ed282b164e62d2baf02d70c7f
20a012b1ee8ccca3e93d91440107811df9e0ece1	abc41b5a83a5a5fe7884f5bec7b404a492da2899
60e0028528bad3242dc8d7c3094b304a58b2627b	f2d3a5502fb99a3a628a2ae16faa3fd1a34040a6
